id,question
0,Where is Adelonema wallisii originally found?
0,What family does the Adelonema wallisii belong to?
0,Can you tell me about the common names of Adelonema wallisii?
0,What type of plant is Adelonema wallisii classified as?
0,In which countries can I find Adelonema wallisii growing naturally?
1,What type of light conditions does Adenium obesum require for optimal growth?
1,At what minimum temperature should this plant be kept indoors during the winter months?
1,"How is Adenium obesum typically propagated, and what methods are commonly used for its hybrids?"
1,Can you explain the watering needs for this plant compared to cacti?
1,What is the significance of the Royal Horticultural Society's Award of Garden Merit for this species?
2,What are the typical growing conditions for Adiantum aethiopicum in terms of light and moisture requirements?
2,"How tall can the fronds of the common maidenhair fern grow, and how are they structured?"
2,In which specific regions of the world is Adiantum aethiopicum commonly found in its natural habitat?
2,Can you explain the methods used for propagating this fern species?
2,What historical medicinal uses have been associated with Adiantum aethiopicum?
3,What type of light is suitable for growing Adiantum capillus-veneris indoors?
3,How should I water my Southern maidenhair fern to ensure it remains healthy?
3,What type of soil is best to use when planting Adiantum capillus-veneris?
3,How can I propagate my maidenhair fern effectively?
3,What is the minimum temperature that Adiantum capillus-veneris can tolerate without damage?
4,What are the typical heights that Adiantum formosum can grow to under ideal conditions?
4,In which regions of Australia is the giant maidenhair commonly found?
4,How does the appearance of the fronds on Adiantum formosum differ from other ferns?
4,What type of environment does this plant prefer for optimal growth?
4,Are there any unique features of the pinnules on the fronds of Adiantum formosum?
5,What are the distinctive features of the Peruvian maidenhair fern?
5,Is this fern commonly kept as a houseplant or in greenhouses?
5,What color are the stems of the silver-dollar fern?
5,Can you describe the leaf structure of Adiantum peruvianum?
5,What is the common name for Adiantum peruvianum?
6,What is the common name for Aechmea chantinii?
6,In which countries can Aechmea chantinii be found in its natural habitat?
6,Can you tell me about the different subspecies of Aechmea chantinii?
6,What are some notable cultivars of the Amazonian zebra plant?
6,Where is the Aechmea chantinii var. fuchsii specifically distributed?
7,What type of light conditions are best for growing Aechmea fasciata indoors?
7,How should I care for the water in the cups of Aechmea fasciata during cultivation?
7,"What are the potential skin reactions to handling Aechmea fasciata, and how can I prevent them?"
7,"Can Aechmea fasciata thrive in darker conditions, and what effect would this have on its appearance?"
7,Is there a recommended type of glove for handling the leaves of Aechmea fasciata to avoid skin irritation?
8,What are the ideal growing conditions for Aglaonema in terms of light and temperature?
8,"How should I propagate Aglaonema plants effectively, and what methods are commonly used?"
8,Can you explain the types of pests and diseases that may affect Aglaonema and how to manage them?
8,What specific care practices should be followed to ensure the longevity of an Aglaonema houseplant?
8,Which cultivar of Aglaonema is the most recognized for its ornamental value and has received awards?
9,What are the native regions where Aglaonema commutatum can be found?
9,Can you tell me about the hybrid cultivar related to Aglaonema commutatum?
9,What distinguished award has the 'Silver Queen' cultivar received?
9,In which countries outside of its native range has Aglaonema commutatum been introduced?
9,"Is Aglaonema commutatum also known by any other common name, such as the poison dart plant?"
10,"What conditions are ideal for growing Aglaonema modestum indoors, particularly concerning light and temperature?"
10,"How often should I repot my Aglaonema modestum, and does the age of the plant influence this frequency?"
10,What are the potential health risks of having Aglaonema modestum around pets and children?
10,"Can I expect any flowering from Aglaonema modestum, and if so, what do the flowers look like?"
10,What specific care adjustments should I make for Aglaonema modestum during its winter dormancy period?
11,What are the origins of the Aichryson × aizoides plant?
11,How are Aichryson species related to other plants like Sempervivum and Aeonium?
11,Is the Aichryson × aizoides plant susceptible to frost?
11,Which award has the hybrid cultivar Aichryson × aizoides var. domesticum 'Variegatum' received?
11,What does the name 'Aichryson' mean in Greek?
12,What are the common names associated with Alocasia × mortfontanensis?
12,Can you tell me about the parent species of this plant and their origins?
12,How tall can Alocasia × mortfontanensis grow when cultivated indoors?
12,What recognition has this plant received from horticultural societies?
12,Is Alocasia × mortfontanensis considered safe for households with pets or children?
13,"What are the distinguishing features of Alocasia azlanii, particularly in terms of its leaf coloration and patterning?"
13,"In which country is Alocasia azlanii originally found, and when was it first identified by researchers?"
13,"Is Alocasia azlanii commonly grown as a decorative plant indoors, and if so, what attracts people to keep it in their homes?"
13,Can you tell me about the family classification of Alocasia azlanii and its relation to other plants?
13,What are the care requirements for maintaining the health of Alocasia azlanii as a houseplant?
14,What are some common varieties of Alocasia baginda that I might come across?
14,Where is Alocasia baginda originally from?
14,Is Alocasia baginda a common houseplant or is it considered rare?
14,Can you tell me about the family classification of Alocasia baginda?
14,What notable features distinguish Alocasia baginda from other plants in its family?
15,"What is the recommended environment for growing Alocasia brancifolia, particularly regarding light and humidity levels?"
15,How should I care for my Alocasia plant during the winter months to ensure its survival and health?
15,What is the best practice for watering Alocasia brancifolia once it's brought indoors from outside conditions?
15,Are there specific pests I should be vigilant about when taking care of my Alocasia plant?
15,How does the award-winning A. × amazonica compare to Alocasia brancifolia in terms of care requirements and popularity among growers?
16,What is the native habitat of Alocasia heterophylla?
16,Which islands in the Philippines is Alocasia heterophylla found?
16,To which family does Alocasia heterophylla belong?
16,Is Alocasia heterophylla a common plant species outside of the Philippines?
16,What are some characteristics of plants in the Araceae family?
17,What are the distinctive features of the leaves of Alocasia infernalis?
17,In which regions is Alocasia infernalis originally found?
17,"What are some alternative names for Alocasia infernalis, and what do they signify?"
17,How does the coloration of the leaves change depending on light and viewing angle?
17,Can you explain why Alocasia infernalis might be referred to as 'Black Magic' in a gardening context?
18,What are the ideal growing conditions for Alocasia lauterbachiana when kept as a houseplant?
18,How often should I clean the leaves of my Alocasia plant to keep it healthy?
18,What precautions should I take to protect my Alocasia from pests like spider mites when bringing it indoors?
18,"Can Alocasia lauterbachiana thrive in low light environments, and what type of light should it be protected from?"
18,What are some tips for acclimatizing Alocasia plants from outdoor conditions to indoor living during the colder months?
19,What regions around the world is Alocasia longiloba naturally found in?
19,Can you tell me more about the different varieties and types associated with Alocasia longiloba?
19,How does the complex classification of Alocasia longiloba affect its recognition in the plant trade?
19,What are some characteristics that distinguish Alocasia longiloba from its hybrids and cultivars?
19,Is there any confusion concerning the names and classifications of hybrids related to Alocasia longiloba?
20,What is the native region of the Alocasia melo plant?
20,Can you explain the type of soil that Alocasia melo typically grows in?
20,What are the common names under which Alocasia melo is sold in the houseplant market?
20,What is notable about the leaves of Alocasia melo in terms of texture?
20,To which family does the Alocasia melo plant belong?
21,What is the common name for Alocasia micholitziana?
21,Where is Alocasia micholitziana originally found?
21,Why is Alocasia micholitziana popular as a houseplant?
21,Which family does the green velvet taro belong to?
21,In which country can you find Alocasia micholitziana in its natural habitat?
22,What is the native region of the Alocasia nebula and what family does it belong to?
22,Why is Alocasia nebula considered challenging for indoor growers?
22,Can you tell me about the flowering characteristics of Alocasia nebula?
22,What unique features or care needs does this plant have that differentiate it from other Alocasia species?
22,Is there any specific environmental condition required for the thriving of Alocasia nebula indoors?
23,What are some characteristics of the Alocasia nycteris that make it suitable for ornamental purposes?
23,Can you tell me about the natural habitat of Alocasia nycteris and where it originates from?
23,"What is the common name for Alocasia nycteris, and why is it referred to that way?"
23,Is Alocasia nycteris the only species from its family that is native to the Philippines?
23,How is Alocasia nycteris different from other types of alocasias in terms of appearance or care?
24,What are the optimal growing conditions for an Alocasia portei in a home environment?
24,How often should I clean the leaves of my Alocasia portei to ensure its health?
24,What type of light conditions does the Alocasia portei require for optimal growth?
24,How can I help my Alocasia portei acclimate to indoor conditions during colder months?
24,What measures can I take to protect my Alocasia portei from pests like spider mites?
25,What are the characteristics of the leaves of Alocasia princeps?
25,Where is Alocasia princeps originally found in the wild?
25,What are the names of the two known varieties of Alocasia princeps?
25,Is Alocasia princeps commonly grown indoors as a houseplant?
25,Can you provide details about the family that Alocasia princeps belongs to?
26,What are some common cultivars of Alocasia reginae that enthusiasts might consider for indoor gardening?
26,Can you tell me about the native habitat of Alocasia reginae?
26,Is Alocasia reginae often grown indoors or primarily found in gardens?
26,What family does Alocasia reginae belong to and what significance does that have for its care requirements?
26,Are there specific characteristics of Alocasia reginae that make it preferable as a houseplant compared to other species?
27,What are some suitable materials to improve the drainage for an Alocasia reginula?
27,"Where is the Alocasia reginula originally found, and what type of environment does it thrive in?"
27,Can you explain the importance of using a well-draining potting mix for Alocasia reginula?
27,What insights have been gained about Alocasia reginula since its increased popularity among collectors?
27,How does the growing environment of Alocasia reginula differ from other houseplants?
28,What is the natural habitat of Alocasia reversa and how does it affect its watering needs as a houseplant?
28,Can you explain the unique color pattern of Alocasia reversa compared to other species in the same genus?
28,"Where is Alocasia reversa originally from, and what type of soil conditions does it prefer based on that origin?"
28,How does the native environment influence the care requirements for growing Alocasia reversa indoors?
28,What makes the vein coloration of Alocasia reversa distinctive among other Alocasia plants?
29,What type of growing medium is recommended for the Alocasia sanderiana to thrive indoors?
29,How often should I fertilize my Alocasia during the spring and summer months?
29,What is the ideal humidity level for growing Alocasia sanderiana indoors?
29,At what minimum temperature should I keep my Alocasia during winter to ensure its health?
29,How should I adjust my watering routine for the Alocasia during different seasons?
30,What is the maximum height that Alocasia sarawakensis can grow to?
30,What are the ideal temperature conditions for the growth of Alocasia sarawakensis?
30,How often should Alocasia sarawakensis be watered during its growing season?
30,What type of feeding schedule is recommended for Alocasia sarawakensis to ensure its health?
30,Why might home gardeners in Europe and North America struggle to grow Alocasia sarawakensis?
31,What are the distinctive features of the leaves of Alocasia scalprum when they mature?
31,Where is Alocasia scalprum originally found in the world?
31,When was Alocasia scalprum first introduced to aroid collectors?
31,In what year was Alocasia scalprum officially described as a species?
31,How does the appearance of Alocasia scalprum compare to that of Alocasia heterophylla?
32,What is the natural habitat of Alocasia sinuata and where is it primarily found?
32,Why is Alocasia sinuata considered critically endangered?
32,Is Alocasia sinuata commonly cultivated as a houseplant despite its conservation status?
32,What family does the Alocasia sinuata belong to?
32,What are some common names for Alocasia sinuata aside from its scientific name?
33,What are the characteristics of the true Alocasia wentii species from New Guinea?
33,Can you explain the differences between the hybrid Alocasia wentii available in the market and the original species?
33,What parent species are thought to contribute to the hybrids commonly sold as Alocasia wentii?
33,What is the origin of the name Alocasia 'Uhinki' and how does it relate to Alocasia wentii?
33,"Are there any cultivars of the hybrid Alocasia wentii that feature variegation, and what does that mean?"
34,What regions in the Philippines is Alocasia zebrina naturally found?
34,Why is Alocasia zebrina considered a threatened species?
34,What is the common name for Alocasia zebrina in Tagalog?
34,In what contexts is Alocasia zebrina commonly grown worldwide?
34,Is the collection of Alocasia zebrina from its natural habitat legal or illegal?
35,What growing conditions are optimal for the cultivation of Angraecum sesquipedale?
35,How does the number of new leaf-pairs relate to flower production in this orchid?
35,Why is it important to avoid disturbing the roots of mature Angraecum sesquipedale plants during repotting?
35,What can happen to a mature plant if its roots are disturbed during the repotting process?
35,In what way does the appearance of Angraecum sesquipedale differ between wild and cultivated specimens?
36,What is the native region of the Anthurium amnicola plant?
36,What are the common names associated with Anthurium amnicola?
36,What type of plant is Anthurium amnicola and what are its notable flower characteristics?
36,In which industry was Anthurium amnicola primarily cultivated in Hawaii?
36,Is Anthurium amnicola commonly sold as a houseplant today?
37,What are the natural habitats where Anthurium bakeri can be found?
37,Can you describe the appearance and characteristics of the flowers on the Anthurium bakeri?
37,Is Anthurium bakeri commonly grown indoors as a houseplant?
37,What type of leaves does the Anthurium bakeri have?
37,In which regions of the world does the Anthurium bakeri grow naturally?
38,What are the ideal temperature ranges for growing Anthurium clarinervium indoors?
38,How should I care for the leaves of my Anthurium to keep them clean and healthy?
38,"What type of soil is best for cultivating Anthurium clarinervium, particularly in terms of moisture and organic content?"
38,"Why is it important to keep Anthurium clarinervium away from pets, and what symptoms can occur if ingested?"
38,How often should I apply fertilizer to my potted Anthurium clarinervium for optimal growth?
39,"What is the common name of Anthurium crenatum, and where is it originally from?"
39,Can you tell me about the appearance and characteristics of the leaves of this plant?
39,Is Anthurium crenatum suitable for container gardening?
39,Which regions have introduced Anthurium crenatum outside its native habitat?
39,What type of environment does the scalloped laceleaf thrive in?
40,What are some distinguishing features of the red pearls anthurium as a houseplant?
40,How should I ensure proper drainage for growing Anthurium gracile indoors?
40,Can you tell me about the natural habitat of this plant species?
40,What precautions should I take if I have pets when keeping an Anthurium gracile?
40,Are there any specific care tips for maintaining the health of this flowering plant?
41,What is the native habitat of Anthurium radicans and where is it commonly found?
41,Why has Anthurium radicans been classified into its own section in the past?
41,What characteristics make the trailing anthurium desirable as an indoor ornamental plant?
41,Can you tell me about the unique flower structure of Anthurium radicans?
41,"Where can I find Anthurium radicans for purchase, and are there any specific types of nurseries that sell them?"
42,What are the ideal temperature conditions for keeping the flamingo flower as a houseplant?
42,In which regions of the United States can this epiphytic plant thrive outdoors?
42,"How tall does the Anthurium scherzerianum typically grow, and what unique features does its spadix have?"
42,What types of pests should I be aware of when caring for an Anthurium plant indoors?
42,How much indirect sunlight does the pigtail plant require for optimal flowering?
43,What is the native habitat of Anthurium vittariifolium?
43,How long can the leaves of this plant grow?
43,Which countries in South America is this plant found in?
43,What type of environment does Anthurium vittariifolium prefer for growth?
43,In which section of the Anthurium genus is this species categorized?
44,What is the common name for Anthurium warocqueanum?
44,In which country is the Queen Anthurium primarily native?
44,Is this plant suitable for cultivation outdoors in temperate regions?
44,What is the primary reason people choose to grow this species indoors?
44,Can you describe the type of environment preferred by the Queen Anthurium?
45,What regions in Central and South America is the black anthurium originally from?
45,What makes Anthurium watermaliense a popular choice for indoor gardening?
45,Can you describe the color and appearance of the flowers of the black prince plant?
45,In what family of plants does the Anthurium watermaliense belong?
45,Is there any information about the care and cultivation of this species?
46,What is the native habitat of the zebra plant?
46,In which botanical work is Aphelandra squarrosa mentioned?
46,What family does the zebra plant belong to?
46,Is Aphelandra squarrosa commonly used indoors or outdoors as a plant?
46,Who is the author that cited Aphelandra squarrosa in Flora Brasiliensis?
47,What are the characteristics that differentiate Apocissus from the Cissus genus?
47,Can you provide details on the geographical distribution of the different species within the Apocissus genus?
47,What historical geological events contributed to the divergence of Apocissus from the Cissus clade?
47,"How many species are there in the Apocissus genus, and where are they predominantly found?"
47,What role do domatia and pouch-like stipules play in the classification of Apocissus compared to related plants?
48,What are the origins and historical significance of Areca catechu in various cultures?
48,In which regions is Areca catechu commonly cultivated today?
48,What are areca nuts and how are they traditionally used in different practices?
48,Can you describe the effects of chewing areca nuts along with lime and betel leaves?
48,What are some of the other names or terms used for Areca catechu in different parts of the world?
49,What is the native habitat of Asparagus aethiopicus?
49,Can you elaborate on the common alternative names for Asparagus aethiopicus?
49,Why is Asparagus aethiopicus considered an invasive weed in certain areas?
49,How is Asparagus aethiopicus different from the species A. densiflorus?
49,In what regions can we typically find this ornamental plant growing?
50,What are the ideal lighting conditions for the cast-iron plant to thrive without suffering from leaf damage?
50,"Can the cast-iron plant be grown outdoors, and if so, what are the temperature limits it can tolerate?"
50,What kind of drainage is necessary for proper growth of Aspidistra elatior to prevent issues such as root rot?
50,How does the cast-iron plant manage pests and what specific pests might affect it?
50,What are some notable cultivars of the Aspidistra elatior and what unique features do they have?
51,What are some suitable environments for growing Asplenium antiquum outdoors throughout the year?
51,"Which specific growing conditions, such as humidity and light, are optimal for the Asplenium antiquum?"
51,Can you list some cultivars of Asplenium antiquum that are commonly found in the nursery trade?
51,How should Asplenium antiquum be cared for when temperatures drop below 40 °F?
51,In what types of climates can you successfully grow Asplenium antiquum year-round?
52,What are some common names for Asplenium bulbiferum besides its scientific name?
52,How does Asplenium bulbiferum reproduce aside from spore propagation?
52,In which regions can you typically find Asplenium bulbiferum growing naturally?
52,What is the ideal light condition for the growth of Asplenium bulbiferum?
52,How does the growth of bulbils contribute to the plant's reproduction process?
53,What regions are Asplenium gracillimum naturally found in?
53,Can you describe the appearance of the Asplenium gracillimum fern?
53,What does the name 'gracillimum' signify in relation to this fern?
53,Is Asplenium gracillimum considered to have any toxic properties?
53,What type of environments might be suitable for growing Asplenium gracillimum given its native habitats?
54,What regions is the Asplenium nidus originally found in?
54,What are some common names associated with the Asplenium nidus?
54,Can you tell me if Asplenium nidus is a type of fern and its family classification?
54,"Is this species of fern considered an epiphyte, and what does that mean?"
54,Are there any notable features or characteristics that distinguish the Asplenium nidus from other ferns?
55,What are some common names for Astrophytum asterias?
55,Can you tell me about the different cultivars of the Sand Dollar Cactus?
55,How has Astrophytum asterias been used in cultivation since the 1800s?
55,What makes the 'Super Kabuto' cultivar of Astrophytum asterias unique?
55,"Is it difficult to grow Astrophytum asterias from seeds, and how does this compare with other cacti?"
56,What are the origins of Begonia bowerae and where is it commonly found?
56,Can you tell me more about the popularity of Begonia bowerae as a houseplant?
56,Are there different varieties of Begonia bowerae available for purchase?
56,What family does the Begonia bowerae belong to?
56,In which Mexican states is Begonia bowerae naturally occurring?
57,What are the ideal light conditions for growing Begonia conchifolia indoors?
57,Can you tell me about the geographical regions where Begonia conchifolia is originally found?
57,Is there a particular variety of Begonia conchifolia that is more popular than others?
57,What is the common name for Begonia conchifolia?
57,In which family of plants is Begonia conchifolia categorized?
58,"What are the distinctive features of the leaves of Begonia maculata, and how does their coloration differ on the top and bottom surfaces?"
58,"Can you describe the typical flower characteristics of the polka dot begonia, including their colors and arrangement?"
58,What is the preferred lighting condition for growing Begonia maculata effectively?
58,How should I water Begonia maculata to ensure it receives the appropriate amount of moisture?
58,"In which regions outside of Brazil has Begonia maculata been introduced, and what is its natural habitat like?"
59,What regions are native to the king begonia species?
59,Can you tell me about the notable cultivars of Begonia rex that have received recognition for their gardening merit?
59,What colors and patterns do the leaves of Begonia rex typically exhibit?
59,How many parent plants contributed to the creation of the Begonia Rex Cultorum Group?
59,Why did the king begonia become a popular choice for indoor gardening?
60,What are the natural habitats where Begonia taliensis typically grows?
60,How tall can a Begonia taliensis plant reach at maturity?
60,Can you describe the appearance of the leaves of Begonia taliensis?
60,What color are the flowers produced by Begonia taliensis?
60,Where can I find Begonia taliensis for purchase as a houseplant?
61,What are the native origins of Begonia venosa?
61,How much sunlight can Begonia venosa tolerate compared to other begonias?
61,What type of soil is best for growing Begonia venosa?
61,Why is Begonia venosa popular as a houseplant?
61,What characteristics make the foliage of Begonia venosa striking?
62,"What are the best soil conditions for growing a Boea plant, specifically in terms of drainage and composition?"
62,Can you describe the typical size and growth form of the Boea species known as B. hygroscopica?
62,"What lighting conditions are optimal for the Boea plant to thrive, and does it require any direct sunlight?"
62,"Which specific pests should I be cautious of when caring for my Boea plant, and how can I protect it from them?"
62,"How long does the Boea plant typically flower during the warmer months, and what does its flowering period look like?"
63,What are the typical sizes in height and width for the Caladium praetermissum when cultivated?
63,"Are there specific growing conditions, such as light or watering preferences, that this plant requires?"
63,"How does one propagate Caladium praetermissum, and what is the primary method of propagation?"
63,What precautions should be taken when handling Caladium praetermissum due to its poisonous nature?
63,During what season should the tubers of Caladium praetermissum be lifted to protect them from frost?
64,"What is the scientific name of the Calla plant, and what other common names does it have?"
64,"In which family is the Calla plant classified, and what unique genus does it represent?"
64,Can you tell me if the Calla plant is part of a larger group or tribe within its family?
64,Is the Calla plant known for any specific characteristics that differentiate it from other plants in the Araceae family?
64,Are there any special tips for growing or maintaining the Calla plant in indoor environments?
65,What are the common names associated with Campanula isophylla?
65,Can you provide a general description of Campanula isophylla?
65,What should I know about the growth habit of Campanula isophylla?
65,Is there specific information about potential toxicity for Campanula isophylla?
65,Are there any special cultivation needs for Campanula isophylla?
66,What is the common name for Campyloneurum phyllitidis?
66,To which family does the long strap fern belong?
66,Can you tell me more about the characteristics of Campyloneurum phyllitidis?
66,Is there any specific information about how to care for this species of fern?
66,Are there any known safety concerns associated with the long strap fern?
67,"What is the maximum height that cane begonias can reach, and how does this affect their care?"
67,Can you explain why these plants are considered suitable for indoor environments?
67,What characteristics do cane begonias have that contribute to their name?
67,"Are staking requirements necessary for all cane begonias, or does it depend on their growth conditions?"
67,What cultivation practices should I consider to maintain the size of a cane begonia indoors?
68,What are some of the common names for Ceropegia woodii?
68,What type of conditions does Ceropegia woodii thrive in when grown indoors?
68,How does Ceropegia woodii's growth habit affect its display in a home setting?
68,What is the minimum temperature required for Ceropegia woodii to be grown outdoors?
68,What are some unique features of the different cultivars of Ceropegia woodii?
69,What kind of light conditions are optimal for cultivating Chamaedorea cataractarum indoors?
69,What is the recommended minimum temperature for maintaining a healthy cat palm?
69,How often should I water my cat palm to prevent dry soil issues?
69,What is the suggested frequency for fertilizing Chamaedorea cataractarum?
69,In which climates is the cat palm typically grown as a garden plant?
70,What are the ideal light and humidity conditions for Chamaedorea elegans to thrive indoors?
70,How should this plant be pruned to ensure its health and longevity?
70,What can you tell me about the historical popularity of Chamaedorea elegans as a houseplant?
70,How does Chamaedorea elegans typically grow and evolve in a pot over time?
70,What temperature range should be maintained for Chamaedorea elegans during the winter months?
71,What are the ideal climate conditions for growing Chamaedorea metallica outdoors?
71,Is Chamaedorea metallica suitable for being grown indoors as a houseplant?
71,Can you describe the natural habitat where Chamaedorea metallica is typically found?
71,"What family does Chamaedorea metallica belong to, and what does that imply about its characteristics?"
71,In which regions is Chamaedorea metallica most commonly cultivated in gardens?
72,What is the maximum height that Chamaedorea seifrizii can reach when fully grown?
72,Can you tell me about the historical significance of Chamaedorea seifrizii to the Maya civilization?
72,In what ways can Chamaedorea seifrizii be propagated for growing new plants?
72,What are the characteristics of the leaves on the bamboo palm?
72,Are there any notable features about the flowers produced by Chamaedorea seifrizii?
73,What are the characteristic features of the variegated cultivars of Chlorophytum comosum?
73,"Can you explain the differences between the two popular variegated versions, 'Vittatum' and 'Variegatum'?"
73,What plants are commonly referred to as spider plant and what causes its nickname?
73,"How does the Chlorophytum comosum react to different types of water, particularly tap water?"
73,What awards have the variegated cultivars of this plant received from horticultural societies?
74,What is the common name of Cissus discolor and where is it native to?
74,What type of climate does Cissus discolor prefer for growth?
74,How tall can the rex begonia vine grow and how wide does it generally become?
74,In which specific regions of Asia can Cissus discolor be found?
74,Has Cissus discolor been introduced to any regions outside of its native habitat?
75,What are some of the common names for Clusia rosea?
75,In what climates is Clusia rosea typically grown as a houseplant?
75,Can you explain why Clusia rosea is admired for its flowers and foliage?
75,How is Clusia rosea utilized in gardens in sub-tropical regions?
75,What are the ornamental benefits of having Clusia rosea in a landscape design?
76,"What are some suitable growing environments for Codiaeum variegatum, particularly regarding temperature and climate conditions?"
76,"Can you explain the safety precautions I should take when handling croton, especially in relation to its sap?"
76,"What kind of care is required for crotons when grown indoors or in greenhouses, especially in colder climates?"
76,How tall do garden crotons typically grow compared to their wild counterparts and what variations exist in their leaf characteristics?
76,"What specific risks are associated with the consumption of Codiaeum variegatum seeds, particularly for children?"
77,What are the typical dimensions that coleus plants reach when fully grown?
77,Can you tell me what family the coleus plant belongs to and its geographic origin?
77,What features make coleus a popular choice for gardening or indoor decor?
77,"What is the other common name for Coleus scutellarioides, and what does it signify?"
77,Are there any alternate scientific names that can be used for the coleus plant?
78,What is the ideal temperature range for optimal growth of Colocasia fallax?
78,How should I care for Colocasia fallax during the winter in temperate regions?
78,"Can Colocasia fallax be cultivated in containers, and if so, what are the requirements?"
78,What type of soil is best for planting Colocasia fallax to ensure healthy growth?
78,How often should I fertilize Colocasia fallax to promote better yields?
79,What are some traditional uses of the Cordyline fruticosa in various cultures?
79,"In which regions is the Cordyline fruticosa believed to be native, and where has it been widely cultivated?"
79,"How was the Cordyline fruticosa introduced to Europe, and when did this occur?"
79,What significance does the large green-leafed cultivar of Cordyline fruticosa hold in eastern Polynesia?
79,What method is commonly used to propagate the cultivar of Cordyline fruticosa found in eastern Polynesia?
80,What are suitable growing conditions for the Crassula arborescens when kept indoors?
80,Why is Crassula arborescens considered a good choice for drought-tolerant gardens?
80,Can you explain the types of environments in which Crassula arborescens thrives best?
80,What are some common names associated with Crassula arborescens?
80,How should I care for Crassula arborescens to prevent it from becoming leggy or weak?
81,What minimum temperature can Crassula muscosa tolerate during colder months?
81,How should the watering schedule change for this plant between summer and winter?
81,What happens to the plant if it receives too much sunlight?
81,What is the best way to propagate Crassula muscosa effectively?
81,What kind of environmental conditions promote rapid growth for cuttings of this plant?
82,What conditions should I maintain to effectively grow a jade plant indoors?
82,How do I prevent problems like root rot and leaf fall while caring for my Crassula ovata?
82,"Is Crassula ovata safe to have around pets, and what are the potential risks?"
82,"Under what conditions does the jade plant typically flower, and how can I encourage this?"
82,What strategies can I use to manage common pests like mealybugs on my jade plant?
83,What type of climate is ideal for growing Ctenanthe burle-marxii considering its frost sensitivity?
83,In which geographic regions is Ctenanthe burle-marxii originally found?
83,What year was Ctenanthe recognized as a distinct genus in botanical classifications?
83,What are the notable features of the foliage of Ctenanthe burle-marxii that make it appealing to growers?
83,What minimum temperature should be maintained to ensure the health of Ctenanthe burle-marxii?
84,What is the common name for Ctenanthe lubbersiana?
84,In which country is Ctenanthe lubbersiana originally found?
84,What prestigious recognition has Ctenanthe lubbersiana received from the Royal Horticultural Society?
84,What type of environment is recommended for growing this species of plant?
84,What classification does Ctenanthe lubbersiana belong to within the plant kingdom?
85,What are the distinctive features of the leaves of Ctenanthe oppenheimiana?
85,How tall can the Ctenanthe oppenheimiana grow as a houseplant?
85,Can you describe the difference between the Ctenanthe oppenheimiana and the Stromanthe Sanguinea 'Triostar'?
85,What recognition has the cultivar 'Tricolor' received for its ornamental qualities?
85,Where is Ctenanthe oppenheimiana originally found?
86,"What regions are native to the Curcuma zedoaria plant, and where else has it become established over time?"
86,Can you explain the historical significance of zedoary in the diet of Austronesian peoples?
86,How has the culinary use of zedoary changed over time compared to similar spices like ginger and turmeric?
86,"What is the scientific classification of the zedoary plant, specifically its genus and family?"
86,In which state in the U.S. is Curcuma zedoaria known to be naturalized?
87,What are the unique characteristics of the Trident Blue succulent?
87,Can you tell me about the parent species of Curio 'Trident Blue'?
87,How does Trident Blue differ from other hybrids in the Curio genus?
87,What common names are associated with Curio 'Trident Blue'?
87,What family does Curio 'Trident Blue' belong to?
88,What light conditions are ideal for the growth of Curio × peregrinus?
88,How tall can the dolphin plant grow in its first year under optimal conditions?
88,What are the best propagation methods for Curio × peregrinus?
88,How often should the dolphin necklace be fertilized to support its growth?
88,What are the effects of excessive sun exposure on the Curio × peregrinus plant?
89,What are the native habitats where Cyclamen persicum typically grows?
89,What is the elevation range where this plant can be found in its natural environment?
89,What type of plant is Cyclamen persicum categorized as?
89,Can you tell me about the common names used for Cyclamen persicum?
89,In which geographical areas is this plant species originally found?
90,"What are the ideal environmental conditions for growing Cyperus alternifolius, particularly regarding temperature?"
90,How can I propagate Cyperus alternifolius at home?
90,In what ways can Cyperus alternifolius be used or displayed in a garden setting?
90,Can you explain what makes the 'Variegatus' cultivar different from the standard Cyperus alternifolius?
90,What is the native habitat of Cyperus alternifolius and where is it commonly found today?
91,What are the preferred light conditions for growing Cyrtomium falcatum outdoors?
91,"How is Cyrtomium falcatum typically propagated, and what conditions are necessary for successful growth?"
91,In what types of climates is Cyrtomium falcatum commonly cultivated as an indoor houseplant?
91,Can you explain how Cyrtomium falcatum can be grown on unconventional surfaces like driftwood or rocks?
91,What is the significance of Cyrtomium falcatum receiving the Royal Horticultural Society's Award of Garden Merit?
92,What temperature range is suitable for the rabbit's foot fern to thrive?
92,How tall can the fronds of Davallia fejeensis grow?
92,In which geographical region is Davallia fejeensis originally found?
92,What makes the rhizomes of this fern distinctive in appearance?
92,What minimum temperature should be maintained to prevent damage to the rabbit's foot fern?
93,What are the natural growing conditions for Delosperma lehmannii in South Africa?
93,Why is Delosperma lehmannii also referred to as ice plant?
93,Can you explain the significance of the name lehmannii in the context of this succulent?
93,What threats has Delosperma lehmannii faced that have led to its classification as at extremely high risk of extinction?
93,How does Delosperma lehmannii adapt to survive in arid environments and tolerates low temperatures?
94,What type of plant is Didymochlaena classified as?
94,Can you explain its classification within the Pteridophyte Phylogeny Group?
94,Is Didymochlaena considered a part of the Polypodiaceae family?
94,What unique characteristics define the family Didymochlaenaceae?
94,How does Didymochlaena differ from other ferns in its family?
95,What are the recommended temperature conditions for growing Dieffenbachia indoors?
95,How often should Dieffenbachia be watered to maintain its health?
95,What signs indicate that Dieffenbachia may be experiencing nutrient deficiencies?
95,Can you explain the symptoms that might occur if pets chew on Dieffenbachia leaves?
95,What are some popular cultivars of Dieffenbachia that have received recognition for their garden merit?
96,What are some common names associated with Dieffenbachia seguine?
96,In which regions of the world is Dieffenbachia seguine naturally found?
96,How is Dieffenbachia seguine typically used in gardens or as a houseplant?
96,What features do different cultivars of Dieffenbachia seguine emphasize?
96,Are there any notable characteristics of Dieffenbachia seguine that make it appealing as an ornamental plant?
97,What type of soil conditions are best for growing Dioscorea elephantipes?
97,How often should I water the elephant's foot yam to ensure proper growth?
97,During which season does Dioscorea elephantipes lose its leaves?
97,Can you describe the dormancy period of the elephant's foot yam?
97,What recognition has Dioscorea elephantipes received from gardening organizations?
98,What specific conditions does Disocactus phyllanthoides require during the winter months to thrive?
98,How often can you expect to see flowers from this plant if it is cared for properly?
98,What type of soil mixture is best for cultivating Disocactus phyllanthoides?
98,Can you explain the significance of Disocactus phyllanthoides in the creation of epiphyllum hybrids?
98,What recognition has Disocactus phyllanthoides received from the Royal Horticultural Society?
99,What unique characteristics make Dracaena angolensis suitable for cultivation indoors?
99,How does the watering frequency of Dracaena angolensis change between the growing season and winter months?
99,"Can you explain the significance of Dracaena angolensis in Afro-Brazilian spirituality, specifically in relation to the orisha Ogum?"
99,"What is the origin of the common name 'African spear' for Dracaena angolensis, and how was it determined?"
99,"In what way is Dracaena angolensis related to other plants in the Asparagaceae family, like Agave and Yucca?"
100,What are the natural habitats of Dracaena arborescens?
100,Can you tell me more about the characteristics of this succulent plant?
100,Is Dracaena arborescens the same as Sansevieria arborescens?
100,Where can I find this plant in its native regions of Kenya and Tanzania?
100,What is the typical growing environment for Dracaena arborescens?
101,What is the origin of the name Dracaena and what does it mean?
101,In which family and subfamily is Dracaena bagamoyensis classified according to the APG IV system?
101,Which regions are primarily home to most species of the Dracaena genus?
101,How many species of Dracaena does the Plants of the World Online database recognize as of July 2025?
101,What is the significance of the inclusion of the former genera Pleomele and Sansevieria within Dracaena?
102,What family does the Dracaena braunii belong to?
102,Who was Dracaena braunii named after and what was his profession?
102,How do the flowers of Dracaena sanderiana compare in size to those of Dracaena braunii?
102,What is notable about the leaf base of Dracaena braunii compared to Dracaena sanderiana?
102,Can you explain the common confusion between Dracaena braunii and Dracaena sanderiana in cultivation?
103,What are the ideal growing conditions for Dracaena fragrans in an indoor environment?
103,How does the Dracaena fragrans contribute to air quality in homes?
103,Can you tell me about the significance of Dracaena fragrans to the Chagga people of Tanzania?
103,What types of light conditions can this plant tolerate while maintaining its health?
103,Is there any information about animal toxicity concerning Dracaena fragrans?
104,What are some characteristics that make Dracaena masoniana popular as an indoor plant?
104,In what types of lighting conditions does this plant thrive best?
104,How often should I water my Dracaena masoniana to keep it healthy?
104,What unique features does the foliage of this plant have that might attract collectors?
104,What are some common names for Dracaena masoniana that reflect its distinctive leaf shape?
105,What are the common names associated with Dracaena pethera?
105,In which part of the world is Dracaena pethera originally found?
105,Is there any information available regarding the cultivation practices for Dracaena pethera?
105,Are there any known toxicity issues related to Dracaena pethera for pets or humans?
105,What is the scientific classification of Dracaena pethera in relation to its synonyms?
106,What are the ideal temperature conditions for cultivating Dracaena pinguicula?
106,How does the growth rate of Dracaena pinguicula compare to other succulents?
106,Why are variegated specimens of Dracaena pinguicula so valuable in the market?
106,In what specific region of Kenya is Dracaena pinguicula found naturally?
106,Who was responsible for the classification of the Dracaena pinguicula species in 1943?
107,What are the ideal light conditions for Dracaena reflexa to thrive?
107,How often should I fertilize my Dracaena reflexa during its growth phase?
107,What temperatures are considered optimal for growing Dracaena reflexa indoors?
107,How can I propagate Dracaena reflexa successfully?
107,What traditional uses are attributed to Dracaena reflexa in Madagascar's herbal medicine?
108,What are the ideal temperature conditions for growing Dracaena sanderiana indoors?
108,How can I best care for my Dracaena sanderiana in terms of watering and humidity?
108,"In what types of light conditions does the lucky bamboo thrive, and what should be avoided?"
108,How does the appearance of Dracaena sanderiana change when it is grown in the ground compared to indoors?
108,What is the recommended method for propagating Dracaena sanderiana successfully?
109,What is the origin of the name Dracaena and what does it mean?
109,How many species are recognized under the Dracaena genus according to the Plants of the World Online database?
109,In which regions are most Dracaena species found?
109,How are the genera Pleomele and Sansevieria related to Dracaena?
109,To which family and subfamily does Dracaena belong in the APG IV classification system?
110,What is the geographical origin of the Dracaena suffruticosa species?
110,Who was the first person to describe Dracaena suffruticosa and in what year did this occur?
110,Is there any specific cultivation information available for Dracaena suffruticosa?
110,What alternate name is sometimes used for Dracaena suffruticosa?
110,Can you provide details about the toxicity of Dracaena suffruticosa?
111,"What is the common name for Dracaena surculosa, and where is it originally from?"
111,Can you tell me about the 'Florida Beauty' cultivar of Dracaena surculosa and its recognition?
111,In which regions of Africa can Dracaena surculosa be found naturally?
111,Is Dracaena surculosa recognized for any specific gardening awards?
111,What family does the Dracaena surculosa belong to?
112,What are some common names for Dracaena trifasciata?
112,How does Dracaena trifasciata contribute to indoor air quality?
112,How should I care for my Dracaena trifasciata during the winter months?
112,"What methods can be used to propagate Dracaena trifasciata, and what is a drawback of one of those methods?"
112,Why is Dracaena trifasciata recommended for beginners in houseplant cultivation?
113,What are the native regions where Englerarum montanum can be found?
113,How tall does the Englerarum plant typically grow compared to larger varieties of elephant ears?
113,"Is Englerarum suitable for growing indoors, and what are its outdoor cultivation requirements in terms of climate?"
113,"Can you explain what makes Englerarum a perennial plant, and how does that affect its growth cycle?"
113,In which USDA zones can Englerarum thrive outdoors without frost protection?
114,What are the potential health risks for pets if they consume the Epipremnum aureum plant?
114,Can you tell me how to effectively care for this plant regarding light and watering needs?
114,How does Epipremnum aureum perform in terms of air purification indoors?
114,What are some effective methods to propagate this plant and what diseases should I be aware of when doing so?
114,What specific conditions should be maintained to achieve optimal growth for this plant indoors?
115,How does Epipremnum pinnatum adapt as it grows from the ground to climbing trees in its natural habitat?
115,What are the differences in appearance between the juvenile and mature leaves of Epipremnum pinnatum?
115,What type of soil is recommended for growing Epipremnum pinnatum in a pot?
115,"How often should I water Epipremnum pinnatum to ensure its health, especially if it's in a larger pot?"
115,What methods can I use to support the growth of Epipremnum pinnatum instead of allowing it to hang down?
116,"What is the ideal soil type for growing Euphorbia trigona, and how does it respond to different soil conditions?"
116,"At what minimum temperature can this plant survive, and how might that affect its care during colder months?"
116,"How tall can Euphorbia trigona grow, and what factors may influence its height in cultivation?"
116,What is the proper method for taking stem cuttings from this plant to ensure successful rooting?
116,"Where is Euphorbia trigona originally from, and how does its native environment influence its adaptations?"
117,What are the common names used for Excoecaria cochinchinensis?
117,In which regions can you find this species naturally occurring?
117,How tall can the Excoecaria cochinchinensis grow as a shrub?
117,Can you describe the characteristics of the leaves of this plant?
117,Is Excoecaria cochinchinensis a monoecious or dioecious plant?
118,What are the optimal growing conditions for Fatsia japonica regarding light and temperature?
118,Can you explain how Fatsia japonica contributes to indoor air quality?
118,What distinguishes the 'Spider's Web' cultivar from the typical Fatsia japonica in terms of growth and appearance?
118,Are there any notable achievements or awards associated with Fatsia japonica and its cultivars?
118,"How does the flowering and berry production of Fatsia japonica occur, particularly in relation to the seasons?"
119,What are some common names for Ficus benghalensis?
119,Where is Ficus benghalensis originally from?
119,Why is Ficus benghalensis referred to as a strangler fig?
119,How does Ficus benghalensis grow in relation to other trees?
119,What distinguishes Ficus benghalensis in terms of size compared to other trees?
120,What is the ideal sunlight condition for a Ficus benjamina to thrive indoors?
120,How does the weeping fig help improve indoor air quality?
120,What should I do if my Ficus tree starts dropping leaves after moving it to a different location?
120,"How does the Ficus benjamina adapt to changes in its environment, such as humidity and temperature?"
120,What are some common uses for Ficus benjamina in urban landscaping or public parks?
121,What techniques are used in India to cultivate Ficus elastica for creating living bridges?
121,How tall can the aerial roots of Ficus elastica be when they start to form?
121,In what regions outside its native habitat has Ficus elastica become established?
121,What historical significance does Ficus elastica have regarding rubber production?
121,Can you describe the characteristics of Ficus elastica that contribute to its use in forming bridges?
122,What are the ideal environmental conditions for growing Ficus lyrata indoors?
122,How does the height of Ficus lyrata change when cultivated as a houseplant compared to outdoor growth?
122,What geographical areas are suitable for cultivating Ficus lyrata as an ornamental tree?
122,What type of light exposure does Ficus lyrata require for optimal growth?
122,"Can Ficus lyrata be grown outdoors in cooler climates, and what temperatures can it tolerate?"
123,What regions are recognized as the natural habitat for Ficus pumila?
123,"How does Ficus pumila behave in terms of growth, and what are the implications for its use in landscapes?"
123,What potential risks are associated with the contact of Ficus pumila's sap on human skin?
123,"Why is the creeping fig sometimes considered invasive, and what impact could this have on buildings?"
123,Can you explain the significance of the fig wasp in the life cycle of Ficus pumila?
124,What are the native regions where Fittonia albivenis is commonly found?
124,How should Fittonia albivenis be watered to maintain its health?
124,What kind of light and temperature conditions does Fittonia albivenis prefer for optimal growth?
124,Can you explain the differences between the two cultivar groups of Fittonia albivenis?
124,Why is it recommended to purchase Fittonia albivenis from a nursery instead of growing it from seed?
125,What is the typical height range of Fittonia gigantea when fully grown?
125,How should I propagate Fittonia if I want to take cuttings from the plant?
125,What kind of light conditions does Fittonia thrive in for optimal growth?
125,How can I revive a Fittonia plant that has wilted due to dryness?
125,What is the appearance of Fittonia flowers and how do they compare to those of polka-dot plants?
126,What is the native habitat of Goeppertia fasciata?
126,Can you tell me if there are any known cultivars of this plant?
126,"Is Goeppertia fasciata commonly grown indoors, and if so, why?"
126,What family does Goeppertia fasciata belong to?
126,Where is northeast Brazil in relation to the typical climate preferences of this plant?
127,What are the ideal light conditions for growing Goeppertia insignis?
127,How should I water and maintain the soil for optimal growth of the rattlesnake plant?
127,What is the preferred temperature range for keeping this plant healthy indoors?
127,Can you tell me about the geographic origin of Goeppertia insignis and its natural habitat?
127,What is the significance of Goeppertia insignis in the Peruvian Amazon regarding its use with brown sugar?
128,"What is the native region of Goeppertia kegeljanii, and what unique features does it have on its leaves?"
128,Can you describe the appearance of the leaves of Goeppertia kegeljanii?
128,Is Goeppertia kegeljanii commonly referred to by any other names in the houseplant market?
128,What family does Goeppertia kegeljanii belong to and what type of plant is it?
128,What are the notable characteristics that make Goeppertia kegeljanii sought after as an ornamental plant?
129,What is the common name for Goeppertia makoyana and why is it called that?
129,In which region of Brazil is Goeppertia makoyana originally found?
129,What prestigious award has Goeppertia makoyana received from the Royal Horticultural Society?
129,To which plant family does Goeppertia makoyana belong?
129,Can you tell me about the genus of Goeppertia makoyana and its classification?
130,What specific regions in South America is Goeppertia ornata originally found?
130,Can you provide details about the common names associated with Goeppertia ornata?
130,Is Goeppertia ornata typically grown indoors or outdoors?
130,"What family does Goeppertia ornata belong to, and what is its significance as a prayer plant?"
130,Are there any particular environments or conditions that Goeppertia ornata prefers for optimal growth?
131,What are the ideal growing conditions for Goeppertia picturata in terms of temperature and location?
131,"Can you tell me more about the characteristics of the leaves of Goeppertia picturata, including their color and markings?"
131,Is the 'Argentea' cultivar of Goeppertia picturata recognized for any awards or distinctions in gardening?
131,"Where is Goeppertia picturata originally from, and where has it been introduced outside of its native region?"
131,"How tall does the Goeppertia picturata typically grow, and what kind of plant is it classified as?"
132,What is the native habitat of Goeppertia roseopicta?
132,Can you explain the typical appearance of the leaves on this plant species?
132,"What are some common cultivars available for purchase, and how do they differ in appearance?"
132,What temperature range is ideal for keeping this plant healthy indoors?
132,How do the backsides of the leaves contribute to the plant's adaptation in its natural environment?
133,What are the temperature requirements for Goeppertia rufibarba to thrive?
133,Can you tell me more about the light conditions that are ideal for this houseplant?
133,What type of humidity levels are best suited for Goeppertia rufibarba?
133,"Is it true that this plant can produce yellow flowers, and if so, under what conditions does that happen?"
133,Why has Goeppertia rufibarba been recognized by the Royal Horticultural Society?
134,"What is the ideal growing temperature range for the zebra plant, and how should it be maintained throughout the year?"
134,How frequently should I fertilize Goeppertia zebrina during its active growing season?
134,Can you explain the watering needs of the zebra plant and how to manage soil moisture during the summer?
134,"What specific light conditions does Goeppertia zebrina thrive in, and how does it react to direct sunlight?"
134,"When is the best time to repot the zebra plant, and what should I consider when doing so?"
135,What environments are ideal for the growth of Guzmania lingulata in terms of temperature and humidity?
135,Can you provide information on the different color variations that this plant can produce?
135,What specific care strategies should I follow to ensure healthy growth of Guzmania lingulata?
135,How does the star-shaped foliage of this plant contribute to its overall aesthetic appeal?
135,Are there any specific pests or diseases that I should be aware of when caring for Guzmania lingulata?
136,What are the native countries of Guzmania musaica?
136,Which family does Guzmania musaica belong to?
136,In which specific provinces of Colombia can Guzmania musaica be found?
136,Can you tell me about the geographical regions where Guzmania musaica thrives?
136,"Is Guzmania musaica a flowering plant, and if so, which family does it belong to?"
137,What regions are home to Guzmania sanguinea in its natural habitat?
137,Can you provide information about the family to which Guzmania sanguinea belongs?
137,Is Guzmania sanguinea considered toxic to humans or pets?
137,In which specific areas of Central and South America can this plant be found?
137,What characteristics distinguish Guzmania sanguinea as a member of the Bromeliaceae family?
138,What are some common names for Gymnocalycium mihanovichii besides its scientific name?
138,"Why are certain cultivars of this cactus able to produce vibrant colors like red, orange, or yellow?"
138,How is the Moon Cactus typically propagated or cultivated for home gardening?
138,What can I expect when growing a Moon Cactus indoors as a houseplant?
138,Can you explain the significance of grafting this plant onto hylocereus cactus?
139,What is the common name for Gynura aurantiaca and what family does it belong to?
139,In what regions is Gynura aurantiaca typically grown as an outdoor plant?
139,Can you explain where Gynura aurantiaca is originally from?
139,What are some areas where Gynura aurantiaca has become established in the wild?
139,How does the growing preference for Gynura aurantiaca differ between warm and cooler climates?
140,What environmental conditions does the dwarf umbrella tree prefer for optimal growth?
140,Can you explain why Heptapleurum arboricola is a popular choice as an indoor plant?
140,What are some of the distinctive characteristics of the 'Gold Capella' cultivar of this plant?
140,How should I handle my pet around the Heptapleurum arboricola considering its toxicity?
140,What symptoms should I look out for if a person or pet has ingested parts of the Heptapleurum arboricola?
141,What are the native regions for the species Homalomena philippinensis?
141,Can you describe the appearance and shape of the leaves of this plant?
141,"What type of flowers does Homalomena philippinensis produce, and how are they typically presented?"
141,Is there any historical significance or interesting etymology associated with the name of this plant?
141,Are there any proposed taxonomic changes related to Homalomena that I should be aware of?
142,What are the characteristics of the flowers produced by Hoya bella?
142,Can you describe the leaf structure of the Hoya bella plant?
142,In what type of environment does Hoya bella naturally grow?
142,What is the general classification and family of Hoya bella?
142,How does Hoya bella differ from other plants in the Apocynaceae family?
143,What type of light conditions does Hoya carnosa thrive in for optimal growth?
143,What are the ideal temperature ranges for cultivating Hoya carnosa indoors?
143,How can I successfully propagate my Hoya carnosa plant at home?
143,What kind of potting medium works best for the roots of Hoya carnosa?
143,How often should I fertilize Hoya carnosa for healthy growth?
144,What are the typical growing conditions for Hoya multiflora in its native habitat?
144,Can you describe the appearance and characteristics of the blooms produced by Hoya multiflora?
144,What is the overall height this plant can reach when fully grown?
144,In which regions can Hoya multiflora be naturally found?
144,Is there any particular care required for maintaining Hoya multiflora as a houseplant?
145,"What are the characteristics of the flowers on the Huernia macrocarpa, and how do they differ from those of related genera like Stapelia?"
145,"How does the Huernia macrocarpa attract pollinators, and which insects are specifically targeted by its scent?"
145,"Can you explain the significance of Huernia macrocarpa as a food source in Ethiopian culture, particularly among the Konso people?"
145,"Who was Justus van Heurne, and what contributions did he make to the understanding of South African plants that relate to Huernia macrocarpa?"
145,"What ecological role does Huernia macrocarpa play when cultivated by local farmers in southern Ethiopia, especially concerning its growth on stone walls?"
146,What is the origin of the polka dot plant and where is it commonly found?
146,In which climates can Hypoestes phyllostachya be cultivated as a perennial or annual?
146,What is the ideal light condition for growing the polka dot plant indoors?
146,How does Hypoestes phyllostachya propagate aside from seeds?
146,What recognition has the polka dot plant received from horticultural societies in the UK?
147,What are some characteristics that have been improved through hybridization of Impatiens hawkeri?
147,"In what year was Impatiens hawkeri first collected in Papua, and what impact did this have on its popularity?"
147,Can you tell me about the range of colors available for flowers and leaves in this plant species?
147,Which other species have been crossed with Impatiens hawkeri to enhance its features?
147,"Where is Impatiens hawkeri originally from, and in which regions is it commonly cultivated?"
148,What are the unique features that make Jatropha podagrica a desirable ornamental plant for indoor gardening?
148,Can you explain the potential health risks associated with handling or ingesting parts of the Jatropha podagrica plant?
148,"In which regions is Jatropha podagrica commonly cultivated as an indoor plant, despite its native habitat being Central America and southern Mexico?"
148,What kind of appearance does the caudex of Jatropha podagrica develop as it matures?
148,"What are some common names for Jatropha podagrica, and do any of them reflect its characteristics or uses in gardening?"
149,"What are the ideal growing conditions for the Mexican shrimp plant, especially regarding light and soil type?"
149,How tall can Justicia brandegeeana grow if it is not regularly trimmed back?
149,What are some of the different colors available for the flower bracts of this plant?
149,How long is the expected lifespan of the Justicia brandegeeana in a garden setting?
149,What should I do to maintain the shape and size of the shrimp plant over time?
150,What type of light is best for Kalanchoe 'Tarantula' during the winter months when it is kept indoors?
150,Can you explain how to care for Kalanchoe 'Tarantula' in the summer with regard to lighting conditions?
150,"Is Kalanchoe 'Tarantula' suitable for outdoor gardens, and if so, what conditions does it prefer?"
150,What are the optimal growth conditions for Kalanchoe 'Tarantula' as a houseplant?
150,How does Kalanchoe 'Tarantula' handle exposure to frost or cold temperatures?
151,What is the common name of Kalanchoe daigremontiana that reflects its ability to produce many offspring?
151,How are the leaves of Kalanchoe daigremontiana different from those of Kalanchoe laetivirens?
151,Can Kalanchoe daigremontiana reproduce through methods other than seeds?
151,What unique feature distinguishes Kalanchoe daigremontiana's leaves from those of Kalanchoe delagoensis?
151,What toxic compound is found in all parts of Kalanchoe daigremontiana?
152,What are some reasons Kalanchoe plants are favored as houseplants or in succulent gardens?
152,How much direct sunlight do these plants typically need for optimal growth?
152,Can you explain the propagation methods used for Kalanchoe species?
152,What is the significance of the Kalanchoe species that was sent into space in 1979?
152,What common characteristics can be expected in the flowers of Kalanchoe plants?
153,What are some reasons Kalanchoe manginii is commonly grown as a houseplant?
153,How much sunlight does Kalanchoe manginii typically need to thrive?
153,"Can you explain how new plants are formed from Kalanchoe species, specifically through their vegetative propagation?"
153,What are the notable cultivars of Kalanchoe that have received recognition for their gardening qualities?
153,What is the significance of Kalanchoe species in relation to space exploration history?
154,What are some common names for Kalanchoe pinnata aside from its scientific name?
154,What temperature range is necessary for the healthy growth of Kalanchoe pinnata indoors?
154,"How does Kalanchoe pinnata reproduce by forming plantlets, and what other plants share this feature?"
154,Why is it important to use well-drained soil when growing Kalanchoe pinnata?
154,In what scenarios might Kalanchoe pinnata become an invasive species in tropical gardens?
155,What is the optimal temperature range for growing Kishu mikan trees to ensure healthy fruit production?
155,How does the cultivation method differ for Kishu mikan trees grown in containers compared to those planted in the ground?
155,Can you explain how the pollination process works for Kishu mikan trees and whether manual pollen transfer affects their yield?
155,"What are the recommended growing conditions, such as humidity and sunlight, for a Kishu mikan tree to thrive?"
155,"When is the typical fruiting season for Kishu mikan, and how can leaving the fruit on the tree too long affect its taste?"
156,What are the ideal conditions for growing Kumara plicatilis in a garden setting?
156,How does the growth rate of this plant compare to other succulent species when cultivated?
156,Why is Kumara plicatilis particularly suited for use in drought-resistant landscaping?
156,"What are the considerations for growing this plant in the UK, especially during winter?"
156,Can you explain the significance of the Royal Horticultural Society's Award of Garden Merit for Kumara plicatilis?
157,What is the height range of the Magnolia coco when grown in a garden setting?
157,In which regions is the coconut magnolia originally found?
157,"Is Magnolia coco suitable for growth in colder climates, and if so, what is the hardiness zone it can tolerate?"
157,Could you explain the common name of Magnolia coco in Cambodia?
157,What is the misconception regarding the scientific name of this species?
158,What are some common names for Maranta arundinacea?
158,In what type of habitat can Maranta arundinacea typically be found?
158,Where is Maranta arundinacea primarily cultivated outside its native region?
158,What characteristics define Maranta arundinacea as a plant?
158,Is there any information about the safety of handling or consuming Maranta arundinacea?
159,What are the ideal temperature ranges for Maranta leuconeura during the day and at night?
159,Can you explain the watering and fertilization needs for the prayer plant throughout the year?
159,What type of light conditions does Maranta leuconeura thrive in while indoors?
159,How does Maranta leuconeura prefer its soil and what are some acceptable soil types for its growth?
159,Is there a specific humidity level that should be maintained for optimal health of the prayer plant?
160,"What are the optimal soil conditions for growing Mimosa pudica, and how does it handle water drainage?"
160,Can you explain how this plant reacts to light changes throughout the day?
160,"Where is Mimosa pudica originally from, and where can it now be found outside its native region?"
160,"What is the typical time frame for germinating seeds of this plant, and how does propagation usually occur?"
160,What precautions should be taken when growing Mimosa pudica in temperate climates where temperatures can drop?
161,What is the native habitat of Monstera acacoyaguensis?
161,How many different species are there in the Monstera genus?
161,In which regions of the world is Monstera acacoyaguensis typically found?
161,To which family do Monstera plants belong?
161,Can you tell me about the flowering characteristics of the Monstera genus?
162,What are the natural habitats of Monstera acuminata in central and south America?
162,How many species are there in the Monstera genus?
162,Can you explain the characteristics of the arum family that Monstera belongs to?
162,What regions are considered tropical for the Monstera acuminata?
162,Are there any notable features of Monstera acuminata that distinguish it from other species in the same genus?
163,What are the natural habitats where Monstera adansonii can typically be found?
163,Can you explain why Monstera adansonii is also referred to as the Swiss cheese plant?
163,What kind of environmental conditions does Monstera adansonii thrive in?
163,In which regions of the world is Monstera adansonii commonly distributed?
163,What is the growth habit of Monstera adansonii regarding its classification as a hemiepiphyte vine?
164,What are the optimal growing conditions for Monstera deliciosa in terms of temperature and sunlight exposure?
164,"How does Monstera deliciosa propagate, and when can I expect it to flower under ideal conditions?"
164,"What potential risks should I be aware of if I have pets, specifically dogs or cats, living in my home with Monstera deliciosa?"
164,"What type of soil is recommended for cultivating Monstera deliciosa, and how should it be watered?"
164,In what regions outside its native habitat is Monstera deliciosa commonly grown as an ornamental plant?
165,What are the ideal growing conditions for Nephrolepis exaltata in terms of light and humidity?
165,How can you propagate a Boston fern if you want to grow more of them?
165,What should I do if my sword fern appears dead during a frost?
165,What is the maximum height that Nephrolepis exaltata can reach under optimal conditions?
165,"Is the Boston fern safe to have around pets, or is it toxic to them?"
166,What is the general classification of Nephrolepis obliterata within the plant kingdom?
166,Can you tell me more about the physical appearance and characteristics of the fronds of Nephrolepis obliterata?
166,How many species are included in the Nephrolepis genus?
166,What is the maximum length that the fronds of this fern species can reach?
166,In what other family of ferns is Nephrolepis sometimes classified according to different taxonomic systems?
167,What is the cultural significance of Nephthys in ancient Egyptian religion?
167,Can you explain the relationship between Nephthys and her siblings in mythology?
167,What roles did Nephthys play in funerary practices in ancient Egypt?
167,In what ways was Nephthys associated with themes like darkness and protection?
167,How did Nephthys's attributes connect to aspects like childbirth and health?
168,What are the typical growing conditions for Oxalis triangularis when cultivated indoors?
168,"Can false shamrock thrive outdoors, and if so, what climate zones are suitable for its growth?"
168,How do the leaves of Oxalis triangularis behave in response to changes in light or disturbance?
168,"What is the appearance of the flowers produced by the false shamrock, and do they have any unique characteristics?"
168,Is there any information about the toxicity of Oxalis triangularis for pets or humans?
169,What are some popular names associated with Pachira glabra besides its scientific name?
169,"Where is Pachira glabra native to, and in what type of environment does it typically grow?"
169,Is Pachira glabra related to any other specific species within the same family?
169,"What family does Pachira glabra belong to, and what significance does this have for its classification?"
169,Can you describe the ecological habitat in which Pachira glabra is found in its native region?
170,What is the common name for Pelargonium radens?
170,Which subgenus does Pelargonium radens belong to?
170,Can you name two other species that are part of the same subgenus as Pelargonium radens?
170,What type of leaves does Pelargonium radens have?
170,Is there any information on the cultivation needs of rasp-leaf pelargonium?
171,What type of soil is best suited for the growth of Pellaea rotundifolia?
171,How does Pellaea rotundifolia perform in terms of watering compared to typical ferns?
171,In which climate zones is Pellaea rotundifolia commonly cultivated as a garden or house plant?
171,"What are the characteristics of the fronds of Pellaea rotundifolia, particularly regarding their size and shape?"
171,What recognition has Pellaea rotundifolia received from the Royal Horticultural Society?
172,What are the ideal conditions for growing Peperomia caperata indoors considering its temperature preferences?
172,Can you tell me more about the characteristics and appearance of Peperomia caperata's leaves?
172,"What kind of flowers does Peperomia caperata produce, and when do they typically bloom?"
172,"Where is Peperomia caperata originally from, and how does that influence its growth requirements?"
172,"What notable cultivar of Peperomia caperata has received special recognition, and what makes it stand out?"
173,What can you tell me about the natural habitats where Peperomia griseoargentea is typically found?
173,"Are there specific growing conditions preferred by Peperomia plants in general, such as light exposure?"
173,How do the root systems of Peperomia species compare to those of other common houseplants?
173,What adaptations do Peperomias have that allow them to thrive in various environments?
173,Can you explain why Peperomia plants are referred to as radiator plants and what that means for their care?
174,What minimum temperature should be maintained for the Peperomia obtusifolia to thrive indoors?
174,How does the lighting condition affect the coloration of the baby rubberplant's leaves?
174,What type of humidity does the Peperomia obtusifolia require for optimal growth?
174,Can you clarify the watering needs of the baby rubberplant given its fleshy stem?
174,Are there any notable variations in leaf appearance among the different cultivars of Peperomia obtusifolia?
175,What are the ideal temperature ranges for this plant during different seasons?
175,How can I effectively propagate my Peperomia rotundifolia?
175,"What type of environment does this plant thrive in, particularly regarding humidity?"
175,What symptoms might indicate that I am overwatering my Peperomia rotundifolia?
175,In what type of container should I ideally grow this plant to maximize its growth potential?
176,What is the native habitat of the vining peperomia species?
176,Can you tell me about the past classifications related to Peperomia serpens?
176,How does Peperomia serpens compare to Peperomia scandens in terms of characteristics?
176,"What award has been given to Peperomia scandens as a houseplant, and how is it related to Peperomia serpens?"
176,Are there any common misconceptions regarding the identification of Peperomia serpens and its relatives?
177,What specific conditions should I provide to create a suitable environment for Petrocosmea forrestii when cultivating it indoors?
177,Can you explain how the absence of an above-ground stem affects the care requirements for this plant species?
177,What are the ideal light and moisture conditions for preventing stress in Petrocosmea forrestii?
177,"How does the growth habit of this plant, spreading by rhizomes, influence its spacing when placed in a garden or pot?"
177,Is Petrocosmea forrestii prone to any common pests or diseases that I should be aware of while keeping it as a houseplant?
178,What are the two recognized subspecies of Petrocosmea kerrii?
178,Who was the first person to describe Petrocosmea kerrii and in what year did this occur?
178,Is Petrocosmea kerrii known to be used as a houseplant?
178,What family does Petrocosmea kerrii belong to?
178,Has Petrocosmea kerrii ever been classified under a different genus?
179,What family does Petrocosmea rosettifolia belong to?
179,Can you tell me more about the identification history of Petrocosmea rosettifolia and how it relates to Petrocosmea cryptica?
179,"Is Petrocosmea rosettifolia a flowering plant, and if so, what does that imply about its growth and care?"
179,Are there any specific growing conditions or environments that this plant species prefers?
179,What should I know about the general characteristics of the Gesneriaceae family to better understand Petrocosmea rosettifolia?
180,What are the typical habitats where Philodendron callosum can be found in its natural environment?
180,How does Philodendron callosum attract its pollinators in the wild?
180,What types of insects are specifically attracted to the floral scents produced by Philodendron callosum?
180,What characteristics of Philodendron callosum's leaves make it suitable for indoor gardening?
180,In which regions of northern South America is Philodendron callosum typically native?
181,What regions in South America is Philodendron campii originally from?
181,In what type of environment does Philodendron campii typically grow naturally?
181,"Can Philodendron campii be grown indoors, and where can I purchase it?"
181,What family does the Philodendron campii belong to?
181,Is there any information available regarding the toxicity of Philodendron campii?
182,What are the common names associated with Philodendron domesticum?
182,How large can the leaves of Philodendron domesticum grow when they are fully mature?
182,Is Philodendron domesticum typically grown indoors or outdoors?
182,In what type of climate is Philodendron domesticum usually kept as a houseplant?
182,What is the characteristic shape of the leaves on Philodendron domesticum?
183,What is the native habitat of Philodendron elegans and how does it grow there?
183,How tall can Philodendron elegans grow when kept indoors as a houseplant?
183,Is it possible to find Philodendron elegans at common gardening stores or only from specialized sellers?
183,In which type of ecosystem is Philodendron elegans typically found in the wild?
183,What characteristics allow Philodendron elegans to thrive as a climber in tropical environments?
184,What are the notable features of the blushing philodendron's physical appearance?
184,During which seasons can I expect the red flowers of the Philodendron erubescens to bloom?
184,How tall can the red-leaf philodendron grow in ideal conditions?
184,What does the term 'erubescens' signify in relation to this plant's characteristics?
184,Where is the natural habitat of the Philodendron erubescens located?
185,What are the native origins of Philodendron gigas?
185,In what year was Philodendron gigas first scientifically described?
185,Is Philodendron gigas known for producing flowers?
185,Which plant family does Philodendron gigas belong to?
185,Is there any information regarding the cultivation requirements for Philodendron gigas?
186,What health risks are associated with consuming Philodendron hederaceum for humans and pets?
186,Can you explain the potential medicinal benefits of Philodendron hederaceum based on its chemical composition?
186,What are the symptoms of Philodendron hederaceum poisoning in animals?
186,How does the toxicity of Philodendron hederaceum differ between different types of animals?
186,What are the implications of the calcium oxalate crystals found in this plant for human health?
187,What is the native range of Philodendron mexicanum?
187,How tall can Philodendron mexicanum grow when kept indoors?
187,Can you describe the shape of the leaves at different stages of growth for this plant?
187,In what type of climate does Philodendron mexicanum thrive?
187,Is there any information about the overall care and cultivation of Philodendron mexicanum?
188,What is the natural habitat of Philodendron tortum?
188,In which countries is Philodendron tortum originally found?
188,Is Philodendron tortum commonly sold as a houseplant?
188,Does Philodendron tortum require any specific growing conditions due to its origin?
188,Can you describe the general characteristics of a climber like Philodendron tortum?
189,What conditions should I provide for the dwarf date palm to thrive in my garden?
189,How much sunlight does the pygmy date palm require to grow successfully?
189,What are the benefits of keeping a miniature date palm indoors in terms of air quality?
189,Is there a specific temperature range that I should maintain for the robellini palm if I live in a cooler climate?
189,How often does the dwarf date palm need to be pruned to maintain its structure?
190,What is the origin of the Phyllotaenium lindenii species?
190,Can you tell me about the specific characteristics of the Magnificum cultivar?
190,In which environments does Phyllotaenium thrive best?
190,Who was the botanist after whom the Phyllotaenium is named?
190,Is Phyllotaenium lindenii known to have any toxic properties?
191,What is the optimal temperature for cultivating Pilea cadierei as a houseplant?
191,Can you explain why the aluminium plant is a good choice for homes with pets?
191,"How often should Pilea cadierei be pruned, and when is the best time to do so?"
191,In which regions can Pilea cadierei thrive outdoors year-round?
191,What recognition has Pilea cadierei received for its performance as a houseplant?
192,What are the preferred temperature ranges for growing Pilea peperomioides indoors and outdoors?
192,How does Pilea peperomioides regenerate after experiencing frost damage?
192,Can you explain the methods of propagation for Pilea peperomioides and what offshoots are?
192,Why is Pilea peperomioides considered a popular choice among houseplants despite being endangered in its native environment?
192,What are the names of the three cultivars of Pilea peperomioides that have emerged recently?
193,What are suitable growing conditions for Platycerium bifurcatum in temperate climates?
193,Why has Platycerium bifurcatum received recognition from the Royal Horticultural Society?
193,"Can Platycerium bifurcatum be kept indoors as a houseplant, and what are its temperature requirements?"
193,"What regions are native to the elkhorn fern, and how do these locations influence its care?"
193,What characteristics make Platycerium bifurcatum popular for ornamental gardening?
194,What are the typical environments where Platycerium superbum can be found in its natural habitat?
194,"How can you propagate Platycerium superbum using spores, and what specific conditions are required for successful propagation?"
194,What are some common ways to support the growth of staghorn ferns like Platycerium superbum when cultivating them in a garden?
194,"How large can a mature Platycerium superbum grow, and what factors contribute to its growth size?"
194,In what ways do the fronds of Platycerium superbum differ from those of other types of ferns?
195,What is the native region of Plectranthus verticillatus?
195,Can you explain the relationship of Swedish ivy to the ivy family?
195,What are the alternate names commonly used for Plectranthus verticillatus?
195,Which family does the Plectranthus verticillatus belong to?
195,Is Plectranthus verticillatus related to the genus Hedera?
196,What are some of the common names for Portulacaria afra that I might encounter?
196,Can you describe the ideal growth conditions for this succulent in terms of sunlight and temperature?
196,How does Portulacaria afra compare in hardiness to other succulents when exposed to drought and heat?
196,In which USDA plant hardiness zones can I successfully grow Portulacaria afra outdoors?
196,What propagation method is recommended for Portulacaria afra and how easy is it to root cuttings?
